<?xml version="1.0" encoding="UTF-8"?>
<project-private xmlns="http://www.netbeans.org/ns/project-private/1">
    <editor-bookmarks xmlns="http://www.netbeans.org/ns/editor-bookmarks/2" lastBookmarkId="0"/>
    <open-files xmlns="http://www.netbeans.org/ns/projectui-open-files/2">
        <group>
            <file>file:/C:/Users/Shabbi/Desktop/Complaint%20Box/Complaint%20Box/src/complaint/box/student.java</file>
            <file>file:/C:/Users/Shabbi/Desktop/Complaint%20Box/Complaint%20Box/src/complaint/box/Screen.java</file>
            <file>file:/C:/Users/Shabbi/Desktop/Complaint%20Box/Complaint%20Box/src/complaint/box/Action.java</file>
            <file>file:/C:/Users/Shabbi/Desktop/Complaint%20Box/Complaint%20Box/src/complaint/box/Design.java</file>
            <file>file:/C:/Users/Shabbi/Desktop/Complaint%20Box/Complaint%20Box/src/complaint/box/COMP.java</file>
            <file>file:/C:/Users/Shabbi/Desktop/Complaint%20Box/Complaint%20Box/src/complaint/box/admin_login.java</file>
            <file>file:/C:/Users/Shabbi/Desktop/Complaint%20Box/Complaint%20Box/src/complaint/box/Admin.java</file>
            <file>file:/C:/Users/Shabbi/Desktop/Complaint%20Box/Complaint%20Box/src/complaint/box/NewRegistration.java</file>
            <file>file:/C:/Users/Shabbi/Desktop/Complaint%20Box/Complaint%20Box/src/complaint/box/Sign.java</file>
            <file>file:/C:/Users/Shabbi/Desktop/Complaint%20Box/Complaint%20Box/src/complaint/box/Screen1.java</file>
        </group>
    </open-files>
</project-private>
